E(eV),n,k
5.00,1.86,0.00
5.50,1.91,0.00
6.00,1.97,0.00
6.50,2.07,0.00
7.00,2.20,0.01
7.20,2.31,0.02
7.30,2.41,0.03
7.35,2.47,0.04
7.40,2.54,0.05
7.45,2.65,0.09
7.48,2.73,0.13
7.50,2.79,0.17
7.52,2.89,0.22
7.53,2.94,0.27
7.54,3.01,0.33
7.55,3.06,0.45
7.56,3.06,0.58
7.57,3.03,0.70
7.58,2.97,0.80
7.59,2.89,0.89
7.60,2.81,0.95
7.61,2.70,1.00
7.62,2.60,1.01
7.63,2.52,1.00
7.64,2.45,0.97
7.66,2.35,0.92
7.68,2.29,0.88
7.70,2.24,0.84
7.75,2.16,0.75
7.80,2.11,0.67
7.83,2.11,0.63
7.85,2.11,0.61
7.90,2.12,0.58
7.95,2.13,0.56
8.00,2.14,0.55
8.10,2.15,0.55
8.20,2.16,0.56
8.50,2.15,0.60
9.00,2.12,0.69
9.30,2.09,0.74
9.50,2.08,0.77
9.70,2.06,0.81
9.80,2.06,0.83
10.20,2.03,0.93
10.50,1.98,1.05
10.80,1.86,1.17
10.90,1.79,1.20
11.00,1.72,1.23
11.10,1.63,1.23
11.15,1.59,1.22
11.20,1.54,1.21
11.30,1.46,1.16
11.40,1.40,1.08
11.50,1.36,1.00
11.65,1.39,0.84
11.80,1.46,0.79
11.90,1.51,0.77
12.00,1.55,0.77
12.10,1.59,0.77
12.40,1.68,0.83
12.60,1.73,0.90
12.80,1.77,1.00
12.95,1.78,1.11
13.00,1.78,1.16
13.25,1.58,1.44
13.30,1.50,1.47
13.40,1.34,1.49
13.45,1.25,1.48
13.50,1.16,1.45
13.55,1.08,1.40
13.60,1.02,1.32
13.75,0.98,1.13
13.80,0.98,1.07
13.90,1.02,0.99
14.00,1.05,0.95
14.10,1.08,0.92
14.30,1.11,0.89
14.80,1.13,0.84
15.10,1.13,0.82
15.30,1.13,0.80
15.50,1.15,0.77
15.70,1.17,0.75
15.80,1.19,0.75
15.90,1.21,0.76
16.00,1.23,0.77
16.20,1.25,0.79
16.40,1.28,0.83
16.60,1.30,0.88
16.80,1.27,0.98
16.90,1.23,1.01
17.00,1.20,1.01
17.20,1.17,1.04
17.40,1.09,1.10
17.50,1.04,1.10
17.60,0.99,1.10
17.65,0.97,1.09
17.70,0.95,1.07
17.80,0.93,1.04
17.90,0.91,1.02
18.00,0.90,1.02
18.20,0.87,1.00
18.50,0.81,0.98
18.60,0.79,0.97
18.70,0.78,0.95
18.90,0.75,0.93
19.00,0.73,0.92
19.20,0.71,0.89
19.30,0.69,0.88
19.60,0.64,0.85
19.70,0.62,0.83
19.80,0.60,0.81
19.90,0.59,0.79
20.00,0.58,0.76
20.10,0.58,0.73
20.20,0.59,0.71
20.30,0.61,0.70
20.40,0.61,0.70
20.50,0.61,0.70
20.60,0.60,0.70
20.80,0.56,0.70
20.90,0.54,0.69
21.00,0.52,0.67
21.10,0.50,0.65
21.20,0.49,0.62
21.30,0.48,0.60
21.40,0.47,0.57
21.50,0.46,0.55
21.70,0.46,0.50
22.00,0.47,0.42
22.50,0.52,0.33
22.90,0.58,0.29
23.00,0.59,0.28
23.10,0.60,0.29
23.20,0.61,0.29
23.60,0.62,0.27
23.80,0.62,0.26
24.00,0.62,0.25
24.20,0.63,0.24
24.30,0.63,0.24
24.40,0.63,0.24
24.60,0.62,0.23
24.70,0.61,0.22
24.80,0.61,0.21
24.90,0.62,0.20
25.50,0.64,0.14
26.00,0.67,0.11
26.50,0.70,0.08
27.00,0.73,0.06
27.50,0.75,0.04
28.00,0.78,0.03
